<Layer Type = "ActorFrame"><children>
<Layer Type="Quad" Name="bgQuad"   InitCommand="diffuse,0,0,0,1;stretchto,0,0,SCREEN_WIDTH,SCREEN_HEIGHT" />

<Layer
    Type="Sprite"
    Var="my_sprite"
	Frag = "glitch-lines.frag"
    OnCommand="%function(self)

      self:basezoomx(SCREEN_WIDTH / DISPLAY:GetDisplayWidth())
      self:basezoomy(-SCREEN_HEIGHT / DISPLAY:GetDisplayHeight())
      self:xy(SCREEN_CENTER_X, SCREEN_CENTER_Y)
	
      self:zoom(1.001)
      self:diffusealpha(0.97)
      self:rotationz(60)
	  


    end"
/>
	<Layer Type = "ActorProxy" Name = "PC[1]" />
	<Layer Type = "ActorProxy" Name = "PC[2]" />
	<Layer Type = "ActorProxy" Name = "PJ[1]" />
	<Layer Type = "ActorProxy" Name = "PJ[2]" />
	<Layer Type = "ActorProxy" Name = "PP[1]" />
	<Layer Type = "ActorProxy" Name = "PP[2]" />

<Layer
    Type="ActorFrameTexture"
    Name="my_aft"
    OnCommand="%function(self)

      self:SetWidth(DISPLAY:GetDisplayWidth())
      self:SetHeight(DISPLAY:GetDisplayHeight())
      self:EnablePreserveTexture(true)
      self:Create()

      my_sprite:SetTexture(self:GetTexture())

    end"
/>
<Layer
    Type="ActorFrameTexture"
    Name="my_aft2"
    OnCommand="%function(self)

      self:SetWidth(DISPLAY:GetDisplayWidth())
      self:SetHeight(DISPLAY:GetDisplayHeight())
      self:EnablePreserveTexture(true)
      self:Create()
		
      my_sprite2:SetTexture(self:GetTexture())

    end"
/>
<Layer
    Type="Sprite"
    Var="my_sprite2"
	Frag = "glitch-lines.frag"
    OnCommand="%function(self)
	 
      self:basezoomx(SCREEN_WIDTH / DISPLAY:GetDisplayWidth())
      self:basezoomy(-SCREEN_HEIGHT / DISPLAY:GetDisplayHeight())
      self:xy(SCREEN_CENTER_X, SCREEN_CENTER_Y)



    end"
/>
</children></Layer>
