<Layer Type = "ActorFrame"  Name = "outerFrame" LoadCommand = "%xero(function(self) require('scripts.portable') require('scripts.additions') end)"><children>

  <Layer Type="Quad" Name="bgQuad"   InitCommand="diffuse,0,0,0,1;stretchto,0,0,SCREEN_WIDTH,SCREEN_HEIGHT" />
  <Layer Type="Quad" Name="bgColor"   InitCommand="diffuse,1,0,0,1;stretchto,10,10,SCREEN_WIDTH-10,SCREEN_HEIGHT-10" />

	<Layer
    Type="Sprite"
    Var="my_sprite2"
    OnCommand="%function(self)

      self:basezoomx(SCREEN_WIDTH / DISPLAY:GetDisplayWidth())
      self:basezoomy(-SCREEN_HEIGHT / DISPLAY:GetDisplayHeight())
      self:xy(SCREEN_CENTER_X, SCREEN_CENTER_Y)
      self:diffusealpha(0.99)
	  self:zoom(0.993)
    end"
/>
	<Layer
    Type="ActorFrameTexture"
    Name="my_aft2"
    OnCommand="%function(self)

      self:SetWidth(DISPLAY:GetDisplayWidth())
      self:SetHeight(DISPLAY:GetDisplayHeight())
      self:EnablePreserveTexture(true)
      self:Create()

      my_sprite2:SetTexture(self:GetTexture())

    end"
/>

	<Layer Type = "ActorProxy" Name = "PC[1]" />
	<Layer Type = "ActorProxy" Name = "PC[2]" />
	<Layer Type = "ActorProxy" Name = "PJ[1]" />
	<Layer Type = "ActorProxy" Name = "PJ[2]" />
	<Layer Type = "ActorProxy" Name = "PP[1]" />
	<Layer Type = "ActorProxy" Name = "PP[2]" />
    
<Layer
    Type="ActorFrameTexture"
    Name="my_aft"
    OnCommand="%function(self)

      self:SetWidth(DISPLAY:GetDisplayWidth())
      self:SetHeight(DISPLAY:GetDisplayHeight())
      self:EnablePreserveTexture(true)
      self:Create()

      my_sprite:SetTexture(self:GetTexture())

    end"
/>
	<Layer
    Type="Sprite"
	Frag="assets/shaders/fisheye.frag"
    Var="my_sprite"
    OnCommand="%function(self)

      self:basezoomx(SCREEN_WIDTH / DISPLAY:GetDisplayWidth())
      self:basezoomy(-SCREEN_HEIGHT / DISPLAY:GetDisplayHeight())
      self:xy(SCREEN_CENTER_X, SCREEN_CENTER_Y)
    end"
/>
</children></Layer>
